thread_id,customer_text,customer_text_clean,brand_response,brand_response_clean,tweet_id,intent
1000089,"@AmazonHelp requesting a refund for 823588-1453697, item never arrived and it's been 3 weeks.","requesting a refund for 823588-1453697, item never arrived and it's been 3 weeks.","I've checked and your refund for 823588-1453697 was issued but may be sitting with your bank. If it's not there in 5 business days, DM us your order details and we'll escalate.","I've checked and your refund for 823588-1453697 was issued but may be sitting with your bank. If it's not there in 5 business days, DM us your order details and we'll escalate.",1000089,refund_request
1000007,"Hi AmazonHelp, where is my order #554710-8015764? It was supposed to arrive yesterday.","Hi AmazonHelp, where is my order #554710-8015764? It was supposed to arrive yesterday.","Hi, sorry for the wait! I can see order 554710-8015764 is out for delivery and should arrive by end of day. DM us if it doesn't show up.","Hi, sorry for the wait! I can see order 554710-8015764 is out for delivery and should arrive by end of day. DM us if it doesn't show up.",1000007,order_status
1000157,"@AmazonHelp I can't log into my account, keeps saying 'incorrect password' even after reset.","I can't log into my account, keeps saying 'incorrect password' even after reset.",That sounds frustrating. Can you DM us the email on file (no passwords please) so we can look into the reset delivery issue?,That sounds frustrating. Can you DM us the email on file (no passwords please) so we can look into the reset delivery issue?,1000157,account_access
1000125,"@AmazonHelp how do I return item 407197-9408101, wrong size arrived.","how do I return item 407197-9408101, wrong size arrived.",Sorry about that mix-up. You can start a free return for 407197-9408101 from Your Orders -- happy to send you the direct link if it's not showing.,Sorry about that mix-up. You can start a free return for 407197-9408101 from Your Orders -- happy to send you the direct link if it's not showing.,1000125,return_request
1000115,"@AmazonHelp how do I return item 233209-1462193, wrong size arrived.","how do I return item 233209-1462193, wrong size arrived.",Sorry about that mix-up. You can start a free return for 233209-1462193 from Your Orders -- happy to send you the direct link if it's not showing.,Sorry about that mix-up. You can start a free return for 233209-1462193 from Your Orders -- happy to send you the direct link if it's not showing.,1000115,return_request
1000333,"Shoutout to @AmazonHelp support for sorting out 364025-9862617 in like 10 minutes, appreciate it!","Shoutout to support for sorting out 364025-9862617 in like 10 minutes, appreciate it!","That means a lot, thank you for the kind words! Glad we could sort out 364025-9862617 quickly.","That means a lot, thank you for the kind words! Glad we could sort out 364025-9862617 quickly.",1000333,positive_feedback
1000051,"@AmazonHelp my package 521154-5661367 arrived completely smashed, box was soaking wet too.","my package 521154-5661367 arrived completely smashed, box was soaking wet too.","That's not okay, thank you for letting us know. I've opened an investigation for 521154-5661367 with the carrier and issued a reshipment.","That's not okay, thank you for letting us know. I've opened an investigation for 521154-5661367 with the carrier and issued a reshipment.",1000051,delivery_issue
1000147,"Locked out of my account for two days now, reset emails aren't arriving. Please help.","Locked out of my account for two days now, reset emails aren't arriving. Please help.","Sorry for the trouble! Please check your spam folder for the reset email, and make sure you're using the email tied to the account. DM us if it still fails and we'll escalate to account security.","Sorry for the trouble! Please check your spam folder for the reset email, and make sure you're using the email tied to the account. DM us if it still fails and we'll escalate to account security.",1000147,account_access
1000301,@AmazonHelp does the warranty on 269509-2261153 cover water damage?,does the warranty on 269509-2261153 cover water damage?,"Yes, most items ship internationally with some exceptions -- happy to check 269509-2261153 specifically if you share the product link.","Yes, most items ship internationally with some exceptions -- happy to check 269509-2261153 specifically if you share the product link.",1000301,general_inquiry
1000303,Quick question -- do you ship 330713-8599845-type items internationally?,Quick question -- do you ship 330713-8599845-type items internationally?,"Yes, most items ship internationally with some exceptions -- happy to check 330713-8599845 specifically if you share the product link.","Yes, most items ship internationally with some exceptions -- happy to check 330713-8599845 specifically if you share the product link.",1000303,general_inquiry
1000069,@AmazonHelp I returned item 299868-2129905 two weeks ago and still no refund. This is ridiculous.,I returned item 299868-2129905 two weeks ago and still no refund. This is ridiculous.,"I've checked and your refund for 299868-2129905 was issued but may be sitting with your bank. If it's not there in 5 business days, DM us your order details and we'll escalate.","I've checked and your refund for 299868-2129905 was issued but may be sitting with your bank. If it's not there in 5 business days, DM us your order details and we'll escalate.",1000069,refund_request
1000045,Order 740595-2964541 says delivered but there's nothing on my porch. Ring camera shows no one came.,Order 740595-2964541 says delivered but there's nothing on my porch. Ring camera shows no one came.,"I'm so sorry about that! I've started a replacement for order 740595-2964541 at no cost, it'll ship today. Please send a photo via DM so we can also file it with the carrier.","I'm so sorry about that! I've started a replacement for order 740595-2964541 at no cost, it'll ship today. Please send a photo via DM so we can also file it with the carrier.",1000045,delivery_issue
1000091,"@AmazonHelp requesting a refund for 195431-5380786, item never arrived and it's been 3 weeks.","requesting a refund for 195431-5380786, item never arrived and it's been 3 weeks.","I've checked and your refund for 195431-5380786 was issued but may be sitting with your bank. If it's not there in 5 business days, DM us your order details and we'll escalate.","I've checked and your refund for 195431-5380786 was issued but may be sitting with your bank. If it's not there in 5 business days, DM us your order details and we'll escalate.",1000091,refund_request
1000343,"@AmazonHelp just wanted to say your team fixed my 422329-1927926 issue super fast, thank you!","just wanted to say your team fixed my 422329-1927926 issue super fast, thank you!","That means a lot, thank you for the kind words! Glad we could sort out 422329-1927926 quickly.","That means a lot, thank you for the kind words! Glad we could sort out 422329-1927926 quickly.",1000343,positive_feedback
1000011,@AmazonHelp my order 761259-2037872 still says 'preparing for shipment' after a week.,my order 761259-2037872 still says 'preparing for shipment' after a week.,"Hi, sorry for the wait! I can see order 761259-2037872 is out for delivery and should arrive by end of day. DM us if it doesn't show up.","Hi, sorry for the wait! I can see order 761259-2037872 is out for delivery and should arrive by end of day. DM us if it doesn't show up.",1000011,order_status
1000243,"Please cancel 341944-8723224, ordered by mistake.","Please cancel 341944-8723224, ordered by mistake.",Cancelled! Order 341944-8723224 hadn't shipped yet so it's been stopped and you won't be charged.,Cancelled! Order 341944-8723224 hadn't shipped yet so it's been stopped and you won't be charged.,1000243,cancellation
1000231,"@AmazonHelp need to cancel order 246074-9787189 ASAP, hasn't shipped yet right?","need to cancel order 246074-9787189 ASAP, hasn't shipped yet right?",Got it! I've submitted a cancellation for 246074-9787189 -- if it hasn't entered the shipping process it'll be stopped automatically and refunded in full.,Got it! I've submitted a cancellation for 246074-9787189 -- if it hasn't entered the shipping process it'll be stopped automatically and refunded in full.,1000231,cancellation
1000199,"@AmazonHelp item 422733-4610140 arrived broken, doesn't even turn on.","item 422733-4610140 arrived broken, doesn't even turn on.","That's disappointing, apologies. I've issued a replacement for 422733-4610140 and a prepaid label to send the defective one back whenever convenient.","That's disappointing, apologies. I've issued a replacement for 422733-4610140 and a prepaid label to send the defective one back whenever convenient.",1000199,product_defect
1000061,Order 539297-9968948 says delivered but there's nothing on my porch. Ring camera shows no one came.,Order 539297-9968948 says delivered but there's nothing on my porch. Ring camera shows no one came.,"That's not okay, thank you for letting us know. I've opened an investigation for 539297-9968948 with the carrier and issued a reshipment.","That's not okay, thank you for letting us know. I've opened an investigation for 539297-9968948 with the carrier and issued a reshipment.",1000061,delivery_issue
1000317,Quick question -- do you ship 360522-7451858-type items internationally?,Quick question -- do you ship 360522-7451858-type items internationally?,"Yes, most items ship internationally with some exceptions -- happy to check 360522-7451858 specifically if you share the product link.","Yes, most items ship internationally with some exceptions -- happy to check 360522-7451858 specifically if you share the product link.",1000317,general_inquiry
1000161,Why does my card show a charge for 523425-6689424 that's way more than what I was quoted at checkout?,Why does my card show a charge for 523425-6689424 that's way more than what I was quoted at checkout?,"Sorry about that! I can see the duplicate charge on 523425-6689424 -- I've submitted a refund for the extra charge, it'll drop off in 3-5 business days.","Sorry about that! I can see the duplicate charge on 523425-6689424 -- I've submitted a refund for the extra charge, it'll drop off in 3-5 business days.",1000161,billing_issue
1000023,Can someone tell me the status of 714006-8603172? Nothing on the tracking page.,Can someone tell me the status of 714006-8603172? Nothing on the tracking page.,Thanks for flagging this. Order 714006-8603172 is currently with the carrier -- tracking updates can lag up to 24h. We'll monitor it for you.,Thanks for flagging this. Order 714006-8603172 is currently with the carrier -- tracking updates can lag up to 24h. We'll monitor it for you.,1000023,order_status
1000235,"@AmazonHelp need to cancel order 494912-8573003 ASAP, hasn't shipped yet right?","need to cancel order 494912-8573003 ASAP, hasn't shipped yet right?",Got it! I've submitted a cancellation for 494912-8573003 -- if it hasn't entered the shipping process it'll be stopped automatically and refunded in full.,Got it! I've submitted a cancellation for 494912-8573003 -- if it hasn't entered the shipping process it'll be stopped automatically and refunded in full.,1000235,cancellation
1000263,"@AmazonHelp worst customer service ever, nobody has responded about 883796-9792363 in 5 days. Lawyer is next.","worst customer service ever, nobody has responded about 883796-9792363 in 5 days. Lawyer is next.",I completely understand your frustration and I'm sorry we've let you down on 883796-9792363. I'm escalating this to a senior specialist right now who will DM you directly within the hour.,I completely understand your frustration and I'm sorry we've let you down on 883796-9792363. I'm escalating this to a senior specialist right now who will DM you directly within the hour.,1000263,complaint_escalation
1000325,"@AmazonHelp just wanted to say your team fixed my 921147-2829488 issue super fast, thank you!","just wanted to say your team fixed my 921147-2829488 issue super fast, thank you!","That means a lot, thank you for the kind words! Glad we could sort out 921147-2829488 quickly.","That means a lot, thank you for the kind words! Glad we could sort out 921147-2829488 quickly.",1000325,positive_feedback
1000309,@AmazonHelp does the warranty on 370907-4391377 cover water damage?,does the warranty on 370907-4391377 cover water damage?,"Yes, most items ship internationally with some exceptions -- happy to check 370907-4391377 specifically if you share the product link.","Yes, most items ship internationally with some exceptions -- happy to check 370907-4391377 specifically if you share the product link.",1000309,general_inquiry
1000079,Where's my refund for order 731535-7109648? Your app says 'processed' but nothing in my bank account.,Where's my refund for order 731535-7109648? Your app says 'processed' but nothing in my bank account.,Apologies for the delay -- I can confirm the return for 731535-7109648 was received and I've pushed the refund manually. It should reflect in 3-5 business days.,Apologies for the delay -- I can confirm the return for 731535-7109648 was received and I've pushed the refund manually. It should reflect in 3-5 business days.,1000079,refund_request
1000295,Quick question -- do you ship 595120-7960307-type items internationally?,Quick question -- do you ship 595120-7960307-type items internationally?,"Yes, most items ship internationally with some exceptions -- happy to check 595120-7960307 specifically if you share the product link.","Yes, most items ship internationally with some exceptions -- happy to check 595120-7960307 specifically if you share the product link.",1000295,general_inquiry
1000013,Can someone tell me the status of 148845-3234302? Nothing on the tracking page.,Can someone tell me the status of 148845-3234302? Nothing on the tracking page.,Thanks for flagging this. Order 148845-3234302 is currently with the carrier -- tracking updates can lag up to 24h. We'll monitor it for you.,Thanks for flagging this. Order 148845-3234302 is currently with the carrier -- tracking updates can lag up to 24h. We'll monitor it for you.,1000013,order_status
1000085,Where's my refund for order 876314-5441883? Your app says 'processed' but nothing in my bank account.,Where's my refund for order 876314-5441883? Your app says 'processed' but nothing in my bank account.,Apologies for the delay -- I can confirm the return for 876314-5441883 was received and I've pushed the refund manually. It should reflect in 3-5 business days.,Apologies for the delay -- I can confirm the return for 876314-5441883 was received and I've pushed the refund manually. It should reflect in 3-5 business days.,1000085,refund_request
1000265,"@AmazonHelp worst customer service ever, nobody has responded about 732674-9535313 in 5 days. Lawyer is next.","worst customer service ever, nobody has responded about 732674-9535313 in 5 days. Lawyer is next.",I completely understand your frustration and I'm sorry we've let you down on 732674-9535313. I'm escalating this to a senior specialist right now who will DM you directly within the hour.,I completely understand your frustration and I'm sorry we've let you down on 732674-9535313. I'm escalating this to a senior specialist right now who will DM you directly within the hour.,1000265,complaint_escalation
1000223,"@AmazonHelp item 143690-7609864 arrived broken, doesn't even turn on.","item 143690-7609864 arrived broken, doesn't even turn on.","That's disappointing, apologies. I've issued a replacement for 143690-7609864 and a prepaid label to send the defective one back whenever convenient.","That's disappointing, apologies. I've issued a replacement for 143690-7609864 and a prepaid label to send the defective one back whenever convenient.",1000223,product_defect
1000259,"@AmazonHelp worst customer service ever, nobody has responded about 180178-9499648 in 5 days. Lawyer is next.","worst customer service ever, nobody has responded about 180178-9499648 in 5 days. Lawyer is next.",I completely understand your frustration and I'm sorry we've let you down on 180178-9499648. I'm escalating this to a senior specialist right now who will DM you directly within the hour.,I completely understand your frustration and I'm sorry we've let you down on 180178-9499648. I'm escalating this to a senior specialist right now who will DM you directly within the hour.,1000259,complaint_escalation
1000019,"Hi AmazonHelp, where is my order #846702-2053424? It was supposed to arrive yesterday.","Hi AmazonHelp, where is my order #846702-2053424? It was supposed to arrive yesterday.","Hi, sorry for the wait! I can see order 846702-2053424 is out for delivery and should arrive by end of day. DM us if it doesn't show up.","Hi, sorry for the wait! I can see order 846702-2053424 is out for delivery and should arrive by end of day. DM us if it doesn't show up.",1000019,order_status
1000049,"@AmazonHelp my package 509940-9330000 arrived completely smashed, box was soaking wet too.","my package 509940-9330000 arrived completely smashed, box was soaking wet too.","I'm so sorry about that! I've started a replacement for order 509940-9330000 at no cost, it'll ship today. Please send a photo via DM so we can also file it with the carrier.","I'm so sorry about that! I've started a replacement for order 509940-9330000 at no cost, it'll ship today. Please send a photo via DM so we can also file it with the carrier.",1000049,delivery_issue
1000153,"@AmazonHelp I can't log into my account, keeps saying 'incorrect password' even after reset.","I can't log into my account, keeps saying 'incorrect password' even after reset.","Sorry for the trouble! Please check your spam folder for the reset email, and make sure you're using the email tied to the account. DM us if it still fails and we'll escalate to account security.","Sorry for the trouble! Please check your spam folder for the reset email, and make sure you're using the email tied to the account. DM us if it still fails and we'll escalate to account security.",1000153,account_access
1000331,"Shoutout to @AmazonHelp support for sorting out 697040-1630684 in like 10 minutes, appreciate it!","Shoutout to support for sorting out 697040-1630684 in like 10 minutes, appreciate it!","That means a lot, thank you for the kind words! Glad we could sort out 697040-1630684 quickly.","That means a lot, thank you for the kind words! Glad we could sort out 697040-1630684 quickly.",1000331,positive_feedback
1000167,Why does my card show a charge for 447600-9681099 that's way more than what I was quoted at checkout?,Why does my card show a charge for 447600-9681099 that's way more than what I was quoted at checkout?,"Sorry about that! I can see the duplicate charge on 447600-9681099 -- I've submitted a refund for the extra charge, it'll drop off in 3-5 business days.","Sorry about that! I can see the duplicate charge on 447600-9681099 -- I've submitted a refund for the extra charge, it'll drop off in 3-5 business days.",1000167,billing_issue
1000225,"@AmazonHelp need to cancel order 760256-4905896 ASAP, hasn't shipped yet right?","need to cancel order 760256-4905896 ASAP, hasn't shipped yet right?",Got it! I've submitted a cancellation for 760256-4905896 -- if it hasn't entered the shipping process it'll be stopped automatically and refunded in full.,Got it! I've submitted a cancellation for 760256-4905896 -- if it hasn't entered the shipping process it'll be stopped automatically and refunded in full.,1000225,cancellation
1000009,"Hi AmazonHelp, where is my order #677814-8122250? It was supposed to arrive yesterday.","Hi AmazonHelp, where is my order #677814-8122250? It was supposed to arrive yesterday.","Hi, sorry for the wait! I can see order 677814-8122250 is out for delivery and should arrive by end of day. DM us if it doesn't show up.","Hi, sorry for the wait! I can see order 677814-8122250 is out for delivery and should arrive by end of day. DM us if it doesn't show up.",1000009,order_status
1000345,"@AmazonHelp just wanted to say your team fixed my 807225-8046697 issue super fast, thank you!","just wanted to say your team fixed my 807225-8046697 issue super fast, thank you!",So happy to hear that about 807225-8046697! We'll pass this along to the team.,So happy to hear that about 807225-8046697! We'll pass this along to the team.,1000345,positive_feedback
1000101,"Need to send back 826161-6776075, it's not what I ordered. What's the process?","Need to send back 826161-6776075, it's not what I ordered. What's the process?",Sorry about that mix-up. You can start a free return for 826161-6776075 from Your Orders -- happy to send you the direct link if it's not showing.,Sorry about that mix-up. You can start a free return for 826161-6776075 from Your Orders -- happy to send you the direct link if it's not showing.,1000101,return_request
1000339,"@AmazonHelp just wanted to say your team fixed my 392137-6307590 issue super fast, thank you!","just wanted to say your team fixed my 392137-6307590 issue super fast, thank you!",So happy to hear that about 392137-6307590! We'll pass this along to the team.,So happy to hear that about 392137-6307590! We'll pass this along to the team.,1000339,positive_feedback
1000195,"Received 677816-4178552 today and it's clearly defective, won't power on at all.","Received 677816-4178552 today and it's clearly defective, won't power on at all.","So sorry to hear that! I've set up a free replacement for 677816-4178552, no need to wait for the return -- it ships today.","So sorry to hear that! I've set up a free replacement for 677816-4178552, no need to wait for the return -- it ships today.",1000195,product_defect
1000039,"@AmazonHelp my package 597128-2090518 arrived completely smashed, box was soaking wet too.","my package 597128-2090518 arrived completely smashed, box was soaking wet too.","That's not okay, thank you for letting us know. I've opened an investigation for 597128-2090518 with the carrier and issued a reshipment.","That's not okay, thank you for letting us know. I've opened an investigation for 597128-2090518 with the carrier and issued a reshipment.",1000039,delivery_issue
1000047,"@AmazonHelp my package 905550-5822307 arrived completely smashed, box was soaking wet too.","my package 905550-5822307 arrived completely smashed, box was soaking wet too.","I'm so sorry about that! I've started a replacement for order 905550-5822307 at no cost, it'll ship today. Please send a photo via DM so we can also file it with the carrier.","I'm so sorry about that! I've started a replacement for order 905550-5822307 at no cost, it'll ship today. Please send a photo via DM so we can also file it with the carrier.",1000047,delivery_issue
1000273,"@AmazonHelp worst customer service ever, nobody has responded about 431431-3028522 in 5 days. Lawyer is next.","worst customer service ever, nobody has responded about 431431-3028522 in 5 days. Lawyer is next.",I completely understand your frustration and I'm sorry we've let you down on 431431-3028522. I'm escalating this to a senior specialist right now who will DM you directly within the hour.,I completely understand your frustration and I'm sorry we've let you down on 431431-3028522. I'm escalating this to a senior specialist right now who will DM you directly within the hour.,1000273,complaint_escalation
1000065,Where's my refund for order 917857-7583025? Your app says 'processed' but nothing in my bank account.,Where's my refund for order 917857-7583025? Your app says 'processed' but nothing in my bank account.,"I've checked and your refund for 917857-7583025 was issued but may be sitting with your bank. If it's not there in 5 business days, DM us your order details and we'll escalate.","I've checked and your refund for 917857-7583025 was issued but may be sitting with your bank. If it's not there in 5 business days, DM us your order details and we'll escalate.",1000065,refund_request
1000145,"Locked out of my account for two days now, reset emails aren't arriving. Please help.","Locked out of my account for two days now, reset emails aren't arriving. Please help.","Sorry for the trouble! Please check your spam folder for the reset email, and make sure you're using the email tied to the account. DM us if it still fails and we'll escalate to account security.","Sorry for the trouble! Please check your spam folder for the reset email, and make sure you're using the email tied to the account. DM us if it still fails and we'll escalate to account security.",1000145,account_access
1000071,"@AmazonHelp requesting a refund for 215268-6705153, item never arrived and it's been 3 weeks.","requesting a refund for 215268-6705153, item never arrived and it's been 3 weeks.",Apologies for the delay -- I can confirm the return for 215268-6705153 was received and I've pushed the refund manually. It should reflect in 3-5 business days.,Apologies for the delay -- I can confirm the return for 215268-6705153 was received and I've pushed the refund manually. It should reflect in 3-5 business days.,1000071,refund_request
1000175,Why does my card show a charge for 662664-9636619 that's way more than what I was quoted at checkout?,Why does my card show a charge for 662664-9636619 that's way more than what I was quoted at checkout?,"Thanks for the heads up, that shouldn't happen. I've flagged 662664-9636619 to billing and a corrected charge/refund is being processed now.","Thanks for the heads up, that shouldn't happen. I've flagged 662664-9636619 to billing and a corrected charge/refund is being processed now.",1000175,billing_issue
1000075,@AmazonHelp I returned item 743550-1427833 two weeks ago and still no refund. This is ridiculous.,I returned item 743550-1427833 two weeks ago and still no refund. This is ridiculous.,Apologies for the delay -- I can confirm the return for 743550-1427833 was received and I've pushed the refund manually. It should reflect in 3-5 business days.,Apologies for the delay -- I can confirm the return for 743550-1427833 was received and I've pushed the refund manually. It should reflect in 3-5 business days.,1000075,refund_request
1000267,"@AmazonHelp worst customer service ever, nobody has responded about 342623-9353173 in 5 days. Lawyer is next.","worst customer service ever, nobody has responded about 342623-9353173 in 5 days. Lawyer is next.",I completely understand your frustration and I'm sorry we've let you down on 342623-9353173. I'm escalating this to a senior specialist right now who will DM you directly within the hour.,I completely understand your frustration and I'm sorry we've let you down on 342623-9353173. I'm escalating this to a senior specialist right now who will DM you directly within the hour.,1000267,complaint_escalation
1000137,"Locked out of my account for two days now, reset emails aren't arriving. Please help.","Locked out of my account for two days now, reset emails aren't arriving. Please help.","Sorry for the trouble! Please check your spam folder for the reset email, and make sure you're using the email tied to the account. DM us if it still fails and we'll escalate to account security.","Sorry for the trouble! Please check your spam folder for the reset email, and make sure you're using the email tied to the account. DM us if it still fails and we'll escalate to account security.",1000137,account_access
1000217,"Received 500164-2407450 today and it's clearly defective, won't power on at all.","Received 500164-2407450 today and it's clearly defective, won't power on at all.","That's disappointing, apologies. I've issued a replacement for 500164-2407450 and a prepaid label to send the defective one back whenever convenient.","That's disappointing, apologies. I've issued a replacement for 500164-2407450 and a prepaid label to send the defective one back whenever convenient.",1000217,product_defect
1000289,@AmazonHelp does the warranty on 951404-7711585 cover water damage?,does the warranty on 951404-7711585 cover water damage?,"Great question! Standard warranty on 951404-7711585 covers manufacturing defects, not water damage, but check if you added Extended Protection at checkout.","Great question! Standard warranty on 951404-7711585 covers manufacturing defects, not water damage, but check if you added Extended Protection at checkout.",1000289,general_inquiry
1000351,"@AmazonHelp just wanted to say your team fixed my 515611-4323224 issue super fast, thank you!","just wanted to say your team fixed my 515611-4323224 issue super fast, thank you!",So happy to hear that about 515611-4323224! We'll pass this along to the team.,So happy to hear that about 515611-4323224! We'll pass this along to the team.,1000351,positive_feedback
1000247,"Please cancel 728836-3473382, ordered by mistake.","Please cancel 728836-3473382, ordered by mistake.",Cancelled! Order 728836-3473382 hadn't shipped yet so it's been stopped and you won't be charged.,Cancelled! Order 728836-3473382 hadn't shipped yet so it's been stopped and you won't be charged.,1000247,cancellation
1000293,@AmazonHelp does the warranty on 400111-9146598 cover water damage?,does the warranty on 400111-9146598 cover water damage?,"Great question! Standard warranty on 400111-9146598 covers manufacturing defects, not water damage, but check if you added Extended Protection at checkout.","Great question! Standard warranty on 400111-9146598 covers manufacturing defects, not water damage, but check if you added Extended Protection at checkout.",1000293,general_inquiry
1000335,"@AmazonHelp just wanted to say your team fixed my 173769-6039024 issue super fast, thank you!","just wanted to say your team fixed my 173769-6039024 issue super fast, thank you!",So happy to hear that about 173769-6039024! We'll pass this along to the team.,So happy to hear that about 173769-6039024! We'll pass this along to the team.,1000335,positive_feedback
1000281,"@AmazonHelp worst customer service ever, nobody has responded about 180111-7051698 in 5 days. Lawyer is next.","worst customer service ever, nobody has responded about 180111-7051698 in 5 days. Lawyer is next.",I completely understand your frustration and I'm sorry we've let you down on 180111-7051698. I'm escalating this to a senior specialist right now who will DM you directly within the hour.,I completely understand your frustration and I'm sorry we've let you down on 180111-7051698. I'm escalating this to a senior specialist right now who will DM you directly within the hour.,1000281,complaint_escalation
1000053,Order 391945-7967519 says delivered but there's nothing on my porch. Ring camera shows no one came.,Order 391945-7967519 says delivered but there's nothing on my porch. Ring camera shows no one came.,"That's not okay, thank you for letting us know. I've opened an investigation for 391945-7967519 with the carrier and issued a reshipment.","That's not okay, thank you for letting us know. I've opened an investigation for 391945-7967519 with the carrier and issued a reshipment.",1000053,delivery_issue
1000021,@AmazonHelp my order 813451-9920785 still says 'preparing for shipment' after a week.,my order 813451-9920785 still says 'preparing for shipment' after a week.,Thanks for flagging this. Order 813451-9920785 is currently with the carrier -- tracking updates can lag up to 24h. We'll monitor it for you.,Thanks for flagging this. Order 813451-9920785 is currently with the carrier -- tracking updates can lag up to 24h. We'll monitor it for you.,1000021,order_status
1000307,Quick question -- do you ship 458566-2528309-type items internationally?,Quick question -- do you ship 458566-2528309-type items internationally?,"Great question! Standard warranty on 458566-2528309 covers manufacturing defects, not water damage, but check if you added Extended Protection at checkout.","Great question! Standard warranty on 458566-2528309 covers manufacturing defects, not water damage, but check if you added Extended Protection at checkout.",1000307,general_inquiry
1000067,"@AmazonHelp requesting a refund for 208566-9078612, item never arrived and it's been 3 weeks.","requesting a refund for 208566-9078612, item never arrived and it's been 3 weeks.","I've checked and your refund for 208566-9078612 was issued but may be sitting with your bank. If it's not there in 5 business days, DM us your order details and we'll escalate.","I've checked and your refund for 208566-9078612 was issued but may be sitting with your bank. If it's not there in 5 business days, DM us your order details and we'll escalate.",1000067,refund_request
1000327,"Shoutout to @AmazonHelp support for sorting out 647740-2826877 in like 10 minutes, appreciate it!","Shoutout to support for sorting out 647740-2826877 in like 10 minutes, appreciate it!","That means a lot, thank you for the kind words! Glad we could sort out 647740-2826877 quickly.","That means a lot, thank you for the kind words! Glad we could sort out 647740-2826877 quickly.",1000327,positive_feedback
1000297,Quick question -- do you ship 368165-5364912-type items internationally?,Quick question -- do you ship 368165-5364912-type items internationally?,"Great question! Standard warranty on 368165-5364912 covers manufacturing defects, not water damage, but check if you added Extended Protection at checkout.","Great question! Standard warranty on 368165-5364912 covers manufacturing defects, not water damage, but check if you added Extended Protection at checkout.",1000297,general_inquiry
1000261,"@AmazonHelp this is the THIRD time I've been ignored about order 320030-4535107. Absolutely done, filing a BBB complaint.","this is the THIRD time I've been ignored about order 320030-4535107. Absolutely done, filing a BBB complaint.",I completely understand your frustration and I'm sorry we've let you down on 320030-4535107. I'm escalating this to a senior specialist right now who will DM you directly within the hour.,I completely understand your frustration and I'm sorry we've let you down on 320030-4535107. I'm escalating this to a senior specialist right now who will DM you directly within the hour.,1000261,complaint_escalation
1000123,"@AmazonHelp how do I return item 966286-4540702, wrong size arrived.","how do I return item 966286-4540702, wrong size arrived.",Sorry about that mix-up. You can start a free return for 966286-4540702 from Your Orders -- happy to send you the direct link if it's not showing.,Sorry about that mix-up. You can start a free return for 966286-4540702 from Your Orders -- happy to send you the direct link if it's not showing.,1000123,return_request
1000245,"@AmazonHelp need to cancel order 602278-5820415 ASAP, hasn't shipped yet right?","need to cancel order 602278-5820415 ASAP, hasn't shipped yet right?",Got it! I've submitted a cancellation for 602278-5820415 -- if it hasn't entered the shipping process it'll be stopped automatically and refunded in full.,Got it! I've submitted a cancellation for 602278-5820415 -- if it hasn't entered the shipping process it'll be stopped automatically and refunded in full.,1000245,cancellation
1000299,@AmazonHelp does the warranty on 606653-7616393 cover water damage?,does the warranty on 606653-7616393 cover water damage?,"Great question! Standard warranty on 606653-7616393 covers manufacturing defects, not water damage, but check if you added Extended Protection at checkout.","Great question! Standard warranty on 606653-7616393 covers manufacturing defects, not water damage, but check if you added Extended Protection at checkout.",1000299,general_inquiry
1000271,"@AmazonHelp worst customer service ever, nobody has responded about 416618-3360675 in 5 days. Lawyer is next.","worst customer service ever, nobody has responded about 416618-3360675 in 5 days. Lawyer is next.",I completely understand your frustration and I'm sorry we've let you down on 416618-3360675. I'm escalating this to a senior specialist right now who will DM you directly within the hour.,I completely understand your frustration and I'm sorry we've let you down on 416618-3360675. I'm escalating this to a senior specialist right now who will DM you directly within the hour.,1000271,complaint_escalation
1000251,"Please cancel 163607-9150338, ordered by mistake.","Please cancel 163607-9150338, ordered by mistake.",Got it! I've submitted a cancellation for 163607-9150338 -- if it hasn't entered the shipping process it'll be stopped automatically and refunded in full.,Got it! I've submitted a cancellation for 163607-9150338 -- if it hasn't entered the shipping process it'll be stopped automatically and refunded in full.,1000251,cancellation
1000323,"Shoutout to @AmazonHelp support for sorting out 510539-9856044 in like 10 minutes, appreciate it!","Shoutout to support for sorting out 510539-9856044 in like 10 minutes, appreciate it!",So happy to hear that about 510539-9856044! We'll pass this along to the team.,So happy to hear that about 510539-9856044! We'll pass this along to the team.,1000323,positive_feedback
1000117,"Need to send back 253274-8958388, it's not what I ordered. What's the process?","Need to send back 253274-8958388, it's not what I ordered. What's the process?","No problem! Go to Your Orders > 253274-8958388 > Return or Replace Items, pick 'Wrong item' and you'll get a free prepaid label.","No problem! Go to Your Orders > 253274-8958388 > Return or Replace Items, pick 'Wrong item' and you'll get a free prepaid label.",1000117,return_request
1000081,Where's my refund for order 990174-9188423? Your app says 'processed' but nothing in my bank account.,Where's my refund for order 990174-9188423? Your app says 'processed' but nothing in my bank account.,"I've checked and your refund for 990174-9188423 was issued but may be sitting with your bank. If it's not there in 5 business days, DM us your order details and we'll escalate.","I've checked and your refund for 990174-9188423 was issued but may be sitting with your bank. If it's not there in 5 business days, DM us your order details and we'll escalate.",1000081,refund_request
1000083,@AmazonHelp I returned item 427000-2440905 two weeks ago and still no refund. This is ridiculous.,I returned item 427000-2440905 two weeks ago and still no refund. This is ridiculous.,Apologies for the delay -- I can confirm the return for 427000-2440905 was received and I've pushed the refund manually. It should reflect in 3-5 business days.,Apologies for the delay -- I can confirm the return for 427000-2440905 was received and I've pushed the refund manually. It should reflect in 3-5 business days.,1000083,refund_request
1000155,"@AmazonHelp I can't log into my account, keeps saying 'incorrect password' even after reset.","I can't log into my account, keeps saying 'incorrect password' even after reset.",That sounds frustrating. Can you DM us the email on file (no passwords please) so we can look into the reset delivery issue?,That sounds frustrating. Can you DM us the email on file (no passwords please) so we can look into the reset delivery issue?,1000155,account_access
1000197,"Received 211444-8250736 today and it's clearly defective, won't power on at all.","Received 211444-8250736 today and it's clearly defective, won't power on at all.","That's disappointing, apologies. I've issued a replacement for 211444-8250736 and a prepaid label to send the defective one back whenever convenient.","That's disappointing, apologies. I've issued a replacement for 211444-8250736 and a prepaid label to send the defective one back whenever convenient.",1000197,product_defect
1000177,"@AmazonHelp I was charged twice for order 392618-1965134, please fix this.","I was charged twice for order 392618-1965134, please fix this.","Thanks for the heads up, that shouldn't happen. I've flagged 392618-1965134 to billing and a corrected charge/refund is being processed now.","Thanks for the heads up, that shouldn't happen. I've flagged 392618-1965134 to billing and a corrected charge/refund is being processed now.",1000177,billing_issue
1000275,"@AmazonHelp worst customer service ever, nobody has responded about 887201-6675272 in 5 days. Lawyer is next.","worst customer service ever, nobody has responded about 887201-6675272 in 5 days. Lawyer is next.",I completely understand your frustration and I'm sorry we've let you down on 887201-6675272. I'm escalating this to a senior specialist right now who will DM you directly within the hour.,I completely understand your frustration and I'm sorry we've let you down on 887201-6675272. I'm escalating this to a senior specialist right now who will DM you directly within the hour.,1000275,complaint_escalation
1000189,"@AmazonHelp I was charged twice for order 427147-6117141, please fix this.","I was charged twice for order 427147-6117141, please fix this.","Thanks for the heads up, that shouldn't happen. I've flagged 427147-6117141 to billing and a corrected charge/refund is being processed now.","Thanks for the heads up, that shouldn't happen. I've flagged 427147-6117141 to billing and a corrected charge/refund is being processed now.",1000189,billing_issue
1000205,"Received 876878-5288153 today and it's clearly defective, won't power on at all.","Received 876878-5288153 today and it's clearly defective, won't power on at all.","So sorry to hear that! I've set up a free replacement for 876878-5288153, no need to wait for the return -- it ships today.","So sorry to hear that! I've set up a free replacement for 876878-5288153, no need to wait for the return -- it ships today.",1000205,product_defect
1000127,"@AmazonHelp how do I return item 670795-8029864, wrong size arrived.","how do I return item 670795-8029864, wrong size arrived.","No problem! Go to Your Orders > 670795-8029864 > Return or Replace Items, pick 'Wrong item' and you'll get a free prepaid label.","No problem! Go to Your Orders > 670795-8029864 > Return or Replace Items, pick 'Wrong item' and you'll get a free prepaid label.",1000127,return_request
1000033,"@AmazonHelp courier left my 141111-2302255 package in the rain, everything inside is ruined.","courier left my 141111-2302255 package in the rain, everything inside is ruined.","That's not okay, thank you for letting us know. I've opened an investigation for 141111-2302255 with the carrier and issued a reshipment.","That's not okay, thank you for letting us know. I've opened an investigation for 141111-2302255 with the carrier and issued a reshipment.",1000033,delivery_issue
1000233,"@AmazonHelp need to cancel order 132674-1702329 ASAP, hasn't shipped yet right?","need to cancel order 132674-1702329 ASAP, hasn't shipped yet right?",Cancelled! Order 132674-1702329 hadn't shipped yet so it's been stopped and you won't be charged.,Cancelled! Order 132674-1702329 hadn't shipped yet so it's been stopped and you won't be charged.,1000233,cancellation
1000119,"@AmazonHelp how do I return item 674919-3197544, wrong size arrived.","how do I return item 674919-3197544, wrong size arrived.","No problem! Go to Your Orders > 674919-3197544 > Return or Replace Items, pick 'Wrong item' and you'll get a free prepaid label.","No problem! Go to Your Orders > 674919-3197544 > Return or Replace Items, pick 'Wrong item' and you'll get a free prepaid label.",1000119,return_request
1000183,Why does my card show a charge for 575816-1193715 that's way more than what I was quoted at checkout?,Why does my card show a charge for 575816-1193715 that's way more than what I was quoted at checkout?,"Thanks for the heads up, that shouldn't happen. I've flagged 575816-1193715 to billing and a corrected charge/refund is being processed now.","Thanks for the heads up, that shouldn't happen. I've flagged 575816-1193715 to billing and a corrected charge/refund is being processed now.",1000183,billing_issue
1000121,"@AmazonHelp how do I return item 207764-9834563, wrong size arrived.","how do I return item 207764-9834563, wrong size arrived.",Sorry about that mix-up. You can start a free return for 207764-9834563 from Your Orders -- happy to send you the direct link if it's not showing.,Sorry about that mix-up. You can start a free return for 207764-9834563 from Your Orders -- happy to send you the direct link if it's not showing.,1000121,return_request
1000059,Order 291200-5408156 says delivered but there's nothing on my porch. Ring camera shows no one came.,Order 291200-5408156 says delivered but there's nothing on my porch. Ring camera shows no one came.,"I'm so sorry about that! I've started a replacement for order 291200-5408156 at no cost, it'll ship today. Please send a photo via DM so we can also file it with the carrier.","I'm so sorry about that! I've started a replacement for order 291200-5408156 at no cost, it'll ship today. Please send a photo via DM so we can also file it with the carrier.",1000059,delivery_issue
1000211,"Received 567480-1060779 today and it's clearly defective, won't power on at all.","Received 567480-1060779 today and it's clearly defective, won't power on at all.","That's disappointing, apologies. I've issued a replacement for 567480-1060779 and a prepaid label to send the defective one back whenever convenient.","That's disappointing, apologies. I've issued a replacement for 567480-1060779 and a prepaid label to send the defective one back whenever convenient.",1000211,product_defect
1000241,"Please cancel 364444-2249063, ordered by mistake.","Please cancel 364444-2249063, ordered by mistake.",Got it! I've submitted a cancellation for 364444-2249063 -- if it hasn't entered the shipping process it'll be stopped automatically and refunded in full.,Got it! I've submitted a cancellation for 364444-2249063 -- if it hasn't entered the shipping process it'll be stopped automatically and refunded in full.,1000241,cancellation
1000257,"@AmazonHelp this is the THIRD time I've been ignored about order 190024-8934703. Absolutely done, filing a BBB complaint.","this is the THIRD time I've been ignored about order 190024-8934703. Absolutely done, filing a BBB complaint.",I completely understand your frustration and I'm sorry we've let you down on 190024-8934703. I'm escalating this to a senior specialist right now who will DM you directly within the hour.,I completely understand your frustration and I'm sorry we've let you down on 190024-8934703. I'm escalating this to a senior specialist right now who will DM you directly within the hour.,1000257,complaint_escalation
1000255,"@AmazonHelp need to cancel order 588529-8823872 ASAP, hasn't shipped yet right?","need to cancel order 588529-8823872 ASAP, hasn't shipped yet right?",Got it! I've submitted a cancellation for 588529-8823872 -- if it hasn't entered the shipping process it'll be stopped automatically and refunded in full.,Got it! I've submitted a cancellation for 588529-8823872 -- if it hasn't entered the shipping process it'll be stopped automatically and refunded in full.,1000255,cancellation
1000141,"Locked out of my account for two days now, reset emails aren't arriving. Please help.","Locked out of my account for two days now, reset emails aren't arriving. Please help.","Sorry for the trouble! Please check your spam folder for the reset email, and make sure you're using the email tied to the account. DM us if it still fails and we'll escalate to account security.","Sorry for the trouble! Please check your spam folder for the reset email, and make sure you're using the email tied to the account. DM us if it still fails and we'll escalate to account security.",1000141,account_access
1000171,"@AmazonHelp I was charged twice for order 385129-1664179, please fix this.","I was charged twice for order 385129-1664179, please fix this.","Thanks for the heads up, that shouldn't happen. I've flagged 385129-1664179 to billing and a corrected charge/refund is being processed now.","Thanks for the heads up, that shouldn't happen. I've flagged 385129-1664179 to billing and a corrected charge/refund is being processed now.",1000171,billing_issue
1000139,"@AmazonHelp I can't log into my account, keeps saying 'incorrect password' even after reset.","I can't log into my account, keeps saying 'incorrect password' even after reset.",That sounds frustrating. Can you DM us the email on file (no passwords please) so we can look into the reset delivery issue?,That sounds frustrating. Can you DM us the email on file (no passwords please) so we can look into the reset delivery issue?,1000139,account_access
1000185,"@AmazonHelp I was charged twice for order 751903-3168032, please fix this.","I was charged twice for order 751903-3168032, please fix this.","Sorry about that! I can see the duplicate charge on 751903-3168032 -- I've submitted a refund for the extra charge, it'll drop off in 3-5 business days.","Sorry about that! I can see the duplicate charge on 751903-3168032 -- I've submitted a refund for the extra charge, it'll drop off in 3-5 business days.",1000185,billing_issue
1000173,Why does my card show a charge for 959598-8084249 that's way more than what I was quoted at checkout?,Why does my card show a charge for 959598-8084249 that's way more than what I was quoted at checkout?,"Thanks for the heads up, that shouldn't happen. I've flagged 959598-8084249 to billing and a corrected charge/refund is being processed now.","Thanks for the heads up, that shouldn't happen. I've flagged 959598-8084249 to billing and a corrected charge/refund is being processed now.",1000173,billing_issue
1000131,"@AmazonHelp I can't log into my account, keeps saying 'incorrect password' even after reset.","I can't log into my account, keeps saying 'incorrect password' even after reset.",That sounds frustrating. Can you DM us the email on file (no passwords please) so we can look into the reset delivery issue?,That sounds frustrating. Can you DM us the email on file (no passwords please) so we can look into the reset delivery issue?,1000131,account_access
1000031,@AmazonHelp any update on order 893919-6738744? Tracking hasn't moved in 3 days.,any update on order 893919-6738744? Tracking hasn't moved in 3 days.,Thanks for flagging this. Order 893919-6738744 is currently with the carrier -- tracking updates can lag up to 24h. We'll monitor it for you.,Thanks for flagging this. Order 893919-6738744 is currently with the carrier -- tracking updates can lag up to 24h. We'll monitor it for you.,1000031,order_status
1000237,"Please cancel 657259-5103030, ordered by mistake.","Please cancel 657259-5103030, ordered by mistake.",Cancelled! Order 657259-5103030 hadn't shipped yet so it's been stopped and you won't be charged.,Cancelled! Order 657259-5103030 hadn't shipped yet so it's been stopped and you won't be charged.,1000237,cancellation
1000017,Can someone tell me the status of 709851-4151952? Nothing on the tracking page.,Can someone tell me the status of 709851-4151952? Nothing on the tracking page.,"Hi, sorry for the wait! I can see order 709851-4151952 is out for delivery and should arrive by end of day. DM us if it doesn't show up.","Hi, sorry for the wait! I can see order 709851-4151952 is out for delivery and should arrive by end of day. DM us if it doesn't show up.",1000017,order_status
1000207,"Received 188588-7390135 today and it's clearly defective, won't power on at all.","Received 188588-7390135 today and it's clearly defective, won't power on at all.","So sorry to hear that! I've set up a free replacement for 188588-7390135, no need to wait for the return -- it ships today.","So sorry to hear that! I've set up a free replacement for 188588-7390135, no need to wait for the return -- it ships today.",1000207,product_defect
1000015,Can someone tell me the status of 666950-2976225? Nothing on the tracking page.,Can someone tell me the status of 666950-2976225? Nothing on the tracking page.,"Hi, sorry for the wait! I can see order 666950-2976225 is out for delivery and should arrive by end of day. DM us if it doesn't show up.","Hi, sorry for the wait! I can see order 666950-2976225 is out for delivery and should arrive by end of day. DM us if it doesn't show up.",1000015,order_status
1000285,"@AmazonHelp worst customer service ever, nobody has responded about 256148-5182974 in 5 days. Lawyer is next.","worst customer service ever, nobody has responded about 256148-5182974 in 5 days. Lawyer is next.",I completely understand your frustration and I'm sorry we've let you down on 256148-5182974. I'm escalating this to a senior specialist right now who will DM you directly within the hour.,I completely understand your frustration and I'm sorry we've let you down on 256148-5182974. I'm escalating this to a senior specialist right now who will DM you directly within the hour.,1000285,complaint_escalation
1000165,Why does my card show a charge for 680963-8695218 that's way more than what I was quoted at checkout?,Why does my card show a charge for 680963-8695218 that's way more than what I was quoted at checkout?,"Sorry about that! I can see the duplicate charge on 680963-8695218 -- I've submitted a refund for the extra charge, it'll drop off in 3-5 business days.","Sorry about that! I can see the duplicate charge on 680963-8695218 -- I've submitted a refund for the extra charge, it'll drop off in 3-5 business days.",1000165,billing_issue
1000025,@AmazonHelp any update on order 932967-4015985? Tracking hasn't moved in 3 days.,any update on order 932967-4015985? Tracking hasn't moved in 3 days.,"Hi, sorry for the wait! I can see order 932967-4015985 is out for delivery and should arrive by end of day. DM us if it doesn't show up.","Hi, sorry for the wait! I can see order 932967-4015985 is out for delivery and should arrive by end of day. DM us if it doesn't show up.",1000025,order_status
1000221,"@AmazonHelp item 377000-2505812 arrived broken, doesn't even turn on.","item 377000-2505812 arrived broken, doesn't even turn on.","That's disappointing, apologies. I've issued a replacement for 377000-2505812 and a prepaid label to send the defective one back whenever convenient.","That's disappointing, apologies. I've issued a replacement for 377000-2505812 and a prepaid label to send the defective one back whenever convenient.",1000221,product_defect
1000287,"@AmazonHelp worst customer service ever, nobody has responded about 430932-4185138 in 5 days. Lawyer is next.","worst customer service ever, nobody has responded about 430932-4185138 in 5 days. Lawyer is next.",I completely understand your frustration and I'm sorry we've let you down on 430932-4185138. I'm escalating this to a senior specialist right now who will DM you directly within the hour.,I completely understand your frustration and I'm sorry we've let you down on 430932-4185138. I'm escalating this to a senior specialist right now who will DM you directly within the hour.,1000287,complaint_escalation
1000063,"@AmazonHelp courier left my 824035-9648511 package in the rain, everything inside is ruined.","courier left my 824035-9648511 package in the rain, everything inside is ruined.","I'm so sorry about that! I've started a replacement for order 824035-9648511 at no cost, it'll ship today. Please send a photo via DM so we can also file it with the carrier.","I'm so sorry about that! I've started a replacement for order 824035-9648511 at no cost, it'll ship today. Please send a photo via DM so we can also file it with the carrier.",1000063,delivery_issue
1000215,"@AmazonHelp item 328448-6982485 arrived broken, doesn't even turn on.","item 328448-6982485 arrived broken, doesn't even turn on.","So sorry to hear that! I've set up a free replacement for 328448-6982485, no need to wait for the return -- it ships today.","So sorry to hear that! I've set up a free replacement for 328448-6982485, no need to wait for the return -- it ships today.",1000215,product_defect
1000179,"@AmazonHelp I was charged twice for order 381986-1282389, please fix this.","I was charged twice for order 381986-1282389, please fix this.","Thanks for the heads up, that shouldn't happen. I've flagged 381986-1282389 to billing and a corrected charge/refund is being processed now.","Thanks for the heads up, that shouldn't happen. I've flagged 381986-1282389 to billing and a corrected charge/refund is being processed now.",1000179,billing_issue
1000041,Order 706020-8476611 says delivered but there's nothing on my porch. Ring camera shows no one came.,Order 706020-8476611 says delivered but there's nothing on my porch. Ring camera shows no one came.,"That's not okay, thank you for letting us know. I've opened an investigation for 706020-8476611 with the carrier and issued a reshipment.","That's not okay, thank you for letting us know. I've opened an investigation for 706020-8476611 with the carrier and issued a reshipment.",1000041,delivery_issue
1000143,"@AmazonHelp I can't log into my account, keeps saying 'incorrect password' even after reset.","I can't log into my account, keeps saying 'incorrect password' even after reset.",That sounds frustrating. Can you DM us the email on file (no passwords please) so we can look into the reset delivery issue?,That sounds frustrating. Can you DM us the email on file (no passwords please) so we can look into the reset delivery issue?,1000143,account_access
1000315,@AmazonHelp does the warranty on 477639-3111811 cover water damage?,does the warranty on 477639-3111811 cover water damage?,"Great question! Standard warranty on 477639-3111811 covers manufacturing defects, not water damage, but check if you added Extended Protection at checkout.","Great question! Standard warranty on 477639-3111811 covers manufacturing defects, not water damage, but check if you added Extended Protection at checkout.",1000315,general_inquiry
1000191,Why does my card show a charge for 624380-3984664 that's way more than what I was quoted at checkout?,Why does my card show a charge for 624380-3984664 that's way more than what I was quoted at checkout?,"Thanks for the heads up, that shouldn't happen. I've flagged 624380-3984664 to billing and a corrected charge/refund is being processed now.","Thanks for the heads up, that shouldn't happen. I've flagged 624380-3984664 to billing and a corrected charge/refund is being processed now.",1000191,billing_issue
1000193,"@AmazonHelp item 362614-1619907 arrived broken, doesn't even turn on.","item 362614-1619907 arrived broken, doesn't even turn on.","So sorry to hear that! I've set up a free replacement for 362614-1619907, no need to wait for the return -- it ships today.","So sorry to hear that! I've set up a free replacement for 362614-1619907, no need to wait for the return -- it ships today.",1000193,product_defect
1000347,"Shoutout to @AmazonHelp support for sorting out 799772-8118948 in like 10 minutes, appreciate it!","Shoutout to support for sorting out 799772-8118948 in like 10 minutes, appreciate it!","That means a lot, thank you for the kind words! Glad we could sort out 799772-8118948 quickly.","That means a lot, thank you for the kind words! Glad we could sort out 799772-8118948 quickly.",1000347,positive_feedback
1000097,"Need to send back 309629-9684536, it's not what I ordered. What's the process?","Need to send back 309629-9684536, it's not what I ordered. What's the process?",Sorry about that mix-up. You can start a free return for 309629-9684536 from Your Orders -- happy to send you the direct link if it's not showing.,Sorry about that mix-up. You can start a free return for 309629-9684536 from Your Orders -- happy to send you the direct link if it's not showing.,1000097,return_request
1000109,"Need to send back 188896-3011649, it's not what I ordered. What's the process?","Need to send back 188896-3011649, it's not what I ordered. What's the process?","No problem! Go to Your Orders > 188896-3011649 > Return or Replace Items, pick 'Wrong item' and you'll get a free prepaid label.","No problem! Go to Your Orders > 188896-3011649 > Return or Replace Items, pick 'Wrong item' and you'll get a free prepaid label.",1000109,return_request
1000027,@AmazonHelp my order 414834-9811335 still says 'preparing for shipment' after a week.,my order 414834-9811335 still says 'preparing for shipment' after a week.,Thanks for flagging this. Order 414834-9811335 is currently with the carrier -- tracking updates can lag up to 24h. We'll monitor it for you.,Thanks for flagging this. Order 414834-9811335 is currently with the carrier -- tracking updates can lag up to 24h. We'll monitor it for you.,1000027,order_status
1000213,"@AmazonHelp item 673648-6427998 arrived broken, doesn't even turn on.","item 673648-6427998 arrived broken, doesn't even turn on.","So sorry to hear that! I've set up a free replacement for 673648-6427998, no need to wait for the return -- it ships today.","So sorry to hear that! I've set up a free replacement for 673648-6427998, no need to wait for the return -- it ships today.",1000213,product_defect
1000095,@AmazonHelp I returned item 333876-4274007 two weeks ago and still no refund. This is ridiculous.,I returned item 333876-4274007 two weeks ago and still no refund. This is ridiculous.,"I've checked and your refund for 333876-4274007 was issued but may be sitting with your bank. If it's not there in 5 business days, DM us your order details and we'll escalate.","I've checked and your refund for 333876-4274007 was issued but may be sitting with your bank. If it's not there in 5 business days, DM us your order details and we'll escalate.",1000095,refund_request
1000349,"Shoutout to @AmazonHelp support for sorting out 135753-6671564 in like 10 minutes, appreciate it!","Shoutout to support for sorting out 135753-6671564 in like 10 minutes, appreciate it!",So happy to hear that about 135753-6671564! We'll pass this along to the team.,So happy to hear that about 135753-6671564! We'll pass this along to the team.,1000349,positive_feedback
1000319,@AmazonHelp does the warranty on 427172-1365919 cover water damage?,does the warranty on 427172-1365919 cover water damage?,"Great question! Standard warranty on 427172-1365919 covers manufacturing defects, not water damage, but check if you added Extended Protection at checkout.","Great question! Standard warranty on 427172-1365919 covers manufacturing defects, not water damage, but check if you added Extended Protection at checkout.",1000319,general_inquiry
1000055,"@AmazonHelp my package 258252-2392252 arrived completely smashed, box was soaking wet too.","my package 258252-2392252 arrived completely smashed, box was soaking wet too.","I'm so sorry about that! I've started a replacement for order 258252-2392252 at no cost, it'll ship today. Please send a photo via DM so we can also file it with the carrier.","I'm so sorry about that! I've started a replacement for order 258252-2392252 at no cost, it'll ship today. Please send a photo via DM so we can also file it with the carrier.",1000055,delivery_issue
1000151,"Locked out of my account for two days now, reset emails aren't arriving. Please help.","Locked out of my account for two days now, reset emails aren't arriving. Please help.","Sorry for the trouble! Please check your spam folder for the reset email, and make sure you're using the email tied to the account. DM us if it still fails and we'll escalate to account security.","Sorry for the trouble! Please check your spam folder for the reset email, and make sure you're using the email tied to the account. DM us if it still fails and we'll escalate to account security.",1000151,account_access
1000113,"@AmazonHelp how do I return item 585659-7734153, wrong size arrived.","how do I return item 585659-7734153, wrong size arrived.","No problem! Go to Your Orders > 585659-7734153 > Return or Replace Items, pick 'Wrong item' and you'll get a free prepaid label.","No problem! Go to Your Orders > 585659-7734153 > Return or Replace Items, pick 'Wrong item' and you'll get a free prepaid label.",1000113,return_request
1000159,"@AmazonHelp I can't log into my account, keeps saying 'incorrect password' even after reset.","I can't log into my account, keeps saying 'incorrect password' even after reset.",That sounds frustrating. Can you DM us the email on file (no passwords please) so we can look into the reset delivery issue?,That sounds frustrating. Can you DM us the email on file (no passwords please) so we can look into the reset delivery issue?,1000159,account_access
1000253,"Please cancel 808530-9214365, ordered by mistake.","Please cancel 808530-9214365, ordered by mistake.",Cancelled! Order 808530-9214365 hadn't shipped yet so it's been stopped and you won't be charged.,Cancelled! Order 808530-9214365 hadn't shipped yet so it's been stopped and you won't be charged.,1000253,cancellation
1000105,"@AmazonHelp how do I return item 306261-6666294, wrong size arrived.","how do I return item 306261-6666294, wrong size arrived.",Sorry about that mix-up. You can start a free return for 306261-6666294 from Your Orders -- happy to send you the direct link if it's not showing.,Sorry about that mix-up. You can start a free return for 306261-6666294 from Your Orders -- happy to send you the direct link if it's not showing.,1000105,return_request
